-- MySQL dump 10.13  Distrib 8.0.27, for Win64 (x86_64)
--
-- Host: localhost    Database: db20170404
-- ------------------------------------------------------
-- Server version	8.0.27

/*!40101 SET @OLD_CHARACTER_SET_CLIENT=@@CHARACTER_SET_CLIENT */;
/*!40101 SET @OLD_CHARACTER_SET_RESULTS=@@CHARACTER_SET_RESULTS */;
/*!40101 SET @OLD_COLLATION_CONNECTION=@@COLLATION_CONNECTION */;
/*!50503 SET NAMES utf8mb4 */;
/*!40103 SET @OLD_TIME_ZONE=@@TIME_ZONE */;
/*!40103 SET TIME_ZONE='+00:00' */;
/*!40014 SET @OLD_UNIQUE_CHECKS=@@UNIQUE_CHECKS, UNIQUE_CHECKS=0 */;
/*!40014 SET @OLD_FOREIGN_KEY_CHECKS=@@FOREIGN_KEY_CHECKS, FOREIGN_KEY_CHECKS=0 */;
/*!40101 SET @OLD_SQL_MODE=@@SQL_MODE, SQL_MODE='NO_AUTO_VALUE_ON_ZERO' */;
/*!40111 SET @OLD_SQL_NOTES=@@SQL_NOTES, SQL_NOTES=0 */;

--
-- Table structure for table `account`
--

DROP TABLE IF EXISTS `account`;
/*!40101 SET @saved_cs_client     = @@character_set_client */;
/*!50503 SET character_set_client = utf8mb4 */;
CREATE TABLE `account` (
  `account_number` varchar(50) NOT NULL,
  `balance` int DEFAULT NULL,
  PRIMARY KEY (`account_number`),
  CONSTRAINT `account_chk_1` CHECK (((0 <= `balance`) and (`balance` <= 150000)))
) ENGINE=InnoDB DEFAULT CHARSET=utf8mb4 COLLATE=utf8mb4_0900_ai_ci;
/*!40101 SET character_set_client = @saved_cs_client */;

--
-- Dumping data for table `account`
--

LOCK TABLES `account` WRITE;
/*!40000 ALTER TABLE `account` DISABLE KEYS */;
INSERT INTO `account` VALUES ('1',37500),('10',10000),('11',10000),('2',37500),('3',37500),('4',37500),('5',150000),('6',10000),('7',10000),('8',10000),('9',10000);
/*!40000 ALTER TABLE `account` ENABLE KEYS */;
UNLOCK TABLES;

--
-- Table structure for table `borrower`
--

DROP TABLE IF EXISTS `borrower`;
/*!40101 SET @saved_cs_client     = @@character_set_client */;
/*!50503 SET character_set_client = utf8mb4 */;
CREATE TABLE `borrower` (
  `customer_id` varchar(50) NOT NULL,
  `loan_number` varchar(50) NOT NULL,
  PRIMARY KEY (`customer_id`,`loan_number`),
  KEY `loan_number` (`loan_number`),
  CONSTRAINT `borrower_ibfk_1` FOREIGN KEY (`customer_id`) REFERENCES `customer` (`customer_id`),
  CONSTRAINT `borrower_ibfk_2` FOREIGN KEY (`loan_number`) REFERENCES `loan` (`loan_number`)
) ENGINE=InnoDB DEFAULT CHARSET=utf8mb4 COLLATE=utf8mb4_0900_ai_ci;
/*!40101 SET character_set_client = @saved_cs_client */;

--
-- Dumping data for table `borrower`
--

LOCK TABLES `borrower` WRITE;
/*!40000 ALTER TABLE `borrower` DISABLE KEYS */;
INSERT INTO `borrower` VALUES ('2','1'),('2','2'),('3','3'),('3','4'),('4','5'),('4','6'),('4','7'),('4','8');
/*!40000 ALTER TABLE `borrower` ENABLE KEYS */;
UNLOCK TABLES;

--
-- Table structure for table `branch`
--

DROP TABLE IF EXISTS `branch`;
/*!40101 SET @saved_cs_client     = @@character_set_client */;
/*!50503 SET character_set_client = utf8mb4 */;
CREATE TABLE `branch` (
  `branch_name` varchar(50) NOT NULL,
  `branch_city` varchar(50) DEFAULT NULL,
  `assets` int DEFAULT NULL,
  PRIMARY KEY (`branch_name`)
) ENGINE=InnoDB DEFAULT CHARSET=utf8mb4 COLLATE=utf8mb4_0900_ai_ci;
/*!40101 SET character_set_client = @saved_cs_client */;

--
-- Dumping data for table `branch`
--

LOCK TABLES `branch` WRITE;
/*!40000 ALTER TABLE `branch` DISABLE KEYS */;
INSERT INTO `branch` VALUES ('둔산지점','대전',100000),('명동지점','서울',400000),('숭실대지점','서울',400000),('여천지점','여수',100000),('포항중앙지점','포항',100),('해운대지점','부산',100000),('화정지점','광주',100);
/*!40000 ALTER TABLE `branch` ENABLE KEYS */;
UNLOCK TABLES;

--
-- Table structure for table `customer`
--

DROP TABLE IF EXISTS `customer`;
/*!40101 SET @saved_cs_client     = @@character_set_client */;
/*!50503 SET character_set_client = utf8mb4 */;
CREATE TABLE `customer` (
  `customer_id` varchar(50) NOT NULL,
  `customer_name` varchar(50) DEFAULT NULL,
  `customer_street` varchar(50) DEFAULT NULL,
  `customer_city` varchar(50) DEFAULT NULL,
  PRIMARY KEY (`customer_id`)
) ENGINE=InnoDB DEFAULT CHARSET=utf8mb4 COLLATE=utf8mb4_0900_ai_ci;
/*!40101 SET character_set_client = @saved_cs_client */;

--
-- Dumping data for table `customer`
--

LOCK TABLES `customer` WRITE;
/*!40000 ALTER TABLE `customer` DISABLE KEYS */;
INSERT INTO `customer` VALUES ('1','이선균','서구 가장동 59','대전'),('2','이지은','용산구 이촌동 410','서울'),('3','이문세','중구 신당동 842','서울'),('4','한석봉','해운대구 우동 1388-4','부산'),('5','홍길동','남구 지곡동 473','포항'),('6','김태희','학동 174','여수'),('7','천우희','서구 치평동 1166-2','광주');
/*!40000 ALTER TABLE `customer` ENABLE KEYS */;
UNLOCK TABLES;

--
-- Table structure for table `depositor`
--

DROP TABLE IF EXISTS `depositor`;
/*!40101 SET @saved_cs_client     = @@character_set_client */;
/*!50503 SET character_set_client = utf8mb4 */;
CREATE TABLE `depositor` (
  `customer_id` varchar(50) NOT NULL,
  `account_number` varchar(50) NOT NULL,
  `access_date` date DEFAULT NULL,
  PRIMARY KEY (`customer_id`,`account_number`),
  KEY `account_number` (`account_number`),
  CONSTRAINT `depositor_ibfk_1` FOREIGN KEY (`customer_id`) REFERENCES `customer` (`customer_id`),
  CONSTRAINT `depositor_ibfk_2` FOREIGN KEY (`account_number`) REFERENCES `account` (`account_number`)
) ENGINE=InnoDB DEFAULT CHARSET=utf8mb4 COLLATE=utf8mb4_0900_ai_ci;
/*!40101 SET character_set_client = @saved_cs_client */;

--
-- Dumping data for table `depositor`
--

LOCK TABLES `depositor` WRITE;
/*!40000 ALTER TABLE `depositor` DISABLE KEYS */;
INSERT INTO `depositor` VALUES ('1','1','2020-09-01'),('1','2','2020-09-02'),('1','3','2020-09-03'),('1','4','2020-09-04'),('2','5','2020-09-05'),('5','6','2020-09-06'),('5','7','2020-09-07'),('6','8','2020-09-08'),('6','9','2020-09-09'),('7','10','2020-09-10'),('7','11','2020-09-11');
/*!40000 ALTER TABLE `depositor` ENABLE KEYS */;
UNLOCK TABLES;

--
-- Table structure for table `loan`
--

DROP TABLE IF EXISTS `loan`;
/*!40101 SET @saved_cs_client     = @@character_set_client */;
/*!50503 SET character_set_client = utf8mb4 */;
CREATE TABLE `loan` (
  `loan_number` varchar(50) NOT NULL,
  `amount` int DEFAULT NULL,
  PRIMARY KEY (`loan_number`)
) ENGINE=InnoDB DEFAULT CHARSET=utf8mb4 COLLATE=utf8mb4_0900_ai_ci;
/*!40101 SET character_set_client = @saved_cs_client */;

--
-- Dumping data for table `loan`
--

LOCK TABLES `loan` WRITE;
/*!40000 ALTER TABLE `loan` DISABLE KEYS */;
INSERT INTO `loan` VALUES ('1',10000),('2',10000),('3',10000),('4',10000),('5',37500),('6',37500),('7',37500),('8',37500);
/*!40000 ALTER TABLE `loan` ENABLE KEYS */;
UNLOCK TABLES;

--
-- Table structure for table `loan_branch`
--

DROP TABLE IF EXISTS `loan_branch`;
/*!40101 SET @saved_cs_client     = @@character_set_client */;
/*!50503 SET character_set_client = utf8mb4 */;
CREATE TABLE `loan_branch` (
  `loan_number` varchar(50) NOT NULL,
  `branch_name` varchar(50) DEFAULT NULL,
  PRIMARY KEY (`loan_number`),
  KEY `branch_name` (`branch_name`),
  CONSTRAINT `loan_branch_ibfk_1` FOREIGN KEY (`loan_number`) REFERENCES `loan` (`loan_number`),
  CONSTRAINT `loan_branch_ibfk_2` FOREIGN KEY (`branch_name`) REFERENCES `branch` (`branch_name`)
) ENGINE=InnoDB DEFAULT CHARSET=utf8mb4 COLLATE=utf8mb4_0900_ai_ci;
/*!40101 SET character_set_client = @saved_cs_client */;

--
-- Dumping data for table `loan_branch`
--

LOCK TABLES `loan_branch` WRITE;
/*!40000 ALTER TABLE `loan_branch` DISABLE KEYS */;
INSERT INTO `loan_branch` VALUES ('5','둔산지점'),('2','명동지점'),('4','명동지점'),('1','숭실대지점'),('3','숭실대지점'),('6','포항중앙지점'),('7','해운대지점'),('8','화정지점');
/*!40000 ALTER TABLE `loan_branch` ENABLE KEYS */;
UNLOCK TABLES;

--
-- Table structure for table `payment`
--

DROP TABLE IF EXISTS `payment`;
/*!40101 SET @saved_cs_client     = @@character_set_client */;
/*!50503 SET character_set_client = utf8mb4 */;
CREATE TABLE `payment` (
  `loan_number` varchar(50) NOT NULL,
  `payment_number` varchar(50) NOT NULL,
  `payment_amount` int DEFAULT NULL,
  `payment_date` date DEFAULT NULL,
  PRIMARY KEY (`loan_number`,`payment_number`),
  CONSTRAINT `payment_ibfk_1` FOREIGN KEY (`loan_number`) REFERENCES `loan` (`loan_number`)
) ENGINE=InnoDB DEFAULT CHARSET=utf8mb4 COLLATE=utf8mb4_0900_ai_ci;
/*!40101 SET character_set_client = @saved_cs_client */;

--
-- Dumping data for table `payment`
--

LOCK TABLES `payment` WRITE;
/*!40000 ALTER TABLE `payment` DISABLE KEYS */;
INSERT INTO `payment` VALUES ('1','1',200,'2020-10-11'),('1','2',200,'2020-10-15'),('2','1',200,'2020-10-12'),('2','2',200,'2020-10-16'),('3','1',200,'2020-10-13'),('3','2',200,'2020-10-17'),('4','1',200,'2020-10-14'),('4','2',200,'2020-10-18');
/*!40000 ALTER TABLE `payment` ENABLE KEYS */;
UNLOCK TABLES;
/*!40103 SET TIME_ZONE=@OLD_TIME_ZONE */;

/*!40101 SET SQL_MODE=@OLD_SQL_MODE */;
/*!40014 SET FOREIGN_KEY_CHECKS=@OLD_FOREIGN_KEY_CHECKS */;
/*!40014 SET UNIQUE_CHECKS=@OLD_UNIQUE_CHECKS */;
/*!40101 SET CHARACTER_SET_CLIENT=@OLD_CHARACTER_SET_CLIENT */;
/*!40101 SET CHARACTER_SET_RESULTS=@OLD_CHARACTER_SET_RESULTS */;
/*!40101 SET COLLATION_CONNECTION=@OLD_COLLATION_CONNECTION */;
/*!40111 SET SQL_NOTES=@OLD_SQL_NOTES */;

-- Dump completed on 2021-11-11 20:10:51
